"Cement","Blast.Furnace.Slag","Fly.Ash","Water","Superplasticizer","Coarse.Aggregate","Fine.Aggregate","Age","Strength"
379.5,151.2,0,153.9,NA,1134.3,605,91,56.49566344
520,0,0,170,5.2,855,855,28,60.28088668
139.6,209.4,0,192,0,1047,806.9,180,44.207822168
153.1,145,113,178.5,8,1001.9,688.7,28,25.559564796
264.5,111,86.5,195.5,5.9,832.6,790.4,28,41.542307952
425,106.3,NA,153.5,16.5,852.1,887.1,91,65.19685056
200,133,0,192,0,965.4,806.2,7,17.165883972
238.2,NA,0,185.7,0,1040.6,734.3,28,26.91369566
376,0,0,214.6,0,1003.5,762.36,28,31.97100212
238,0,0,185,0,1118,789,28,17.54026944
425,106.3,0,153.5,16.5,852.1,887.1,91,65.19685056
251.37,0,118.27,192.94,5.75,1043.6,754.3,28,33.27411176
173,116,0,192,0,NA,856.8,90,32.102692036
237,92,71,247,6,853,695,28,28.62704352
213.72,98.05,24.51,181.71,6.86,1065.8,785.38,100,53.90323368
178.03,129.8,118.6,179.94,3.57,1007.3,746.8,14,34.23937816
424,22,132,178,8.48,822,750,28,62.05284
313,145,NA,178,8,867,824,28,44.38846488
190,190,NA,228,0,932,670,270,50.655112244
531.3,0,0,141.8,28.2,852.1,893.7,3,41.2996124
446,24,NA,162,11.64,967,712,56,56.14403068
333,0,0,192,0,931.2,842.6,7,23.404952296
272.8,105.1,81.8,209.7,9,904,679.7,28,37.171030112
446,24,79,162,10.3,967,712,28,53.38612668
182.04,45.21,NA,170.21,8.19,1059.4,780.65,14,21.50475644
385,0,0,186,0,NA,763,3,14.69962832
297.16,0,117.54,174.8,9.52,1022.8,753.45,56,51.95891136
249.1,0,98.75,158.11,12.8,987.76,889.01,56,42.03045696
446,24,79,162,11.61,967,712,7,52.00717468
239.6,359.4,0,185.7,NA,941.6,664.3,28,39.435269296
172.38,13.61,172.37,156.76,4.14,1006.3,856.4,56,35.852752
286.3,200.9,0,144.7,11.2,1004.6,803.7,7,37.99702236
349,0,0,192,0,1047,806,90,39.48629052
144.8,0,133.6,180.8,11.1,979.5,811.5,28,13.202086448
155,NA,0,193,9,877,868,28,23.786922
251.81,0,99.94,146.14,12.35,1006,899.76,28,33.94290348
382,0,0,185,0,1047,739,7,24.00065956
166.09,0,163.27,176.46,4.49,1058.6,NA,28,21.53923024
181.38,0,167.01,169.59,7.56,1055.6,777.8,28,27.77209328
349,0,0,192,0,1056,809,28,33.60506024
228,342.1,0,185.7,0,955.8,674.3,7,21.917063088
182.04,45.21,121.97,170.21,8.19,1059.4,780.65,28,31.2677366
167.95,42.08,163.83,121.75,5.72,1058.7,780.11,14,17.8229546
349,0,0,192,0,1047,806,28,32.72253096
262,111,NA,195,5,895,733,28,33.7153764
133,200,0,192,0,927.4,839.2,90,36.588422892
168.88,42.22,124.25,158.33,10.83,1080.8,796.15,28,31.11605188
164,0,200,181,13,849,846,28,15.08573488
339,0,0,197,0,968,781,365,38.89334116
300,0,0,184,0,1075,795,28,26.84819544
310,0,0,192,0,970,850,7,14.98920824
475,NA,0,228,NA,932,594,90,42.229026048
213.76,98.06,24.52,181.74,6.65,1066,785.52,28,40.2309246
166,259.7,0,183.2,12.7,858.8,826.8,28,37.917043144
254,0,0,NA,0,NA,863,90,26.94472208
198.6,132.4,0,192,0,978.4,825.5,180,41.719503284
401.8,94.7,0,147.4,NA,946.8,852.1,3,41.09966436
200,200,0,190,0,1145,660,28,49.24927068
265,111,86,195,6,833,790,28,41.540929
251.37,NA,118.27,188.45,5.75,1028.4,757.73,28,29.65436276
212.07,0,121.62,180.31,5.69,1057.6,779.32,100,39.6103962
475,118.8,0,181.1,8.9,852.1,781.5,3,37.79707432
374,189.2,0,170.1,10.1,926.1,756.7,7,46.20178676
339,0,0,185,0,1060,754,28,31.6469484
475,0,0,228,0,932,594,7,38.60376124
190.34,NA,125.18,161.85,9.88,1088.1,802.59,NA,28.46846404
139.9,132.6,103.3,200.3,7.4,916,753.4,28,36.443632932
401.8,94.7,0,147.4,11.4,946.8,852.1,91,75.497622
NA,0,NA,158.49,11.33,1078.7,794.91,100,46.2293658
321.3,164.2,0,190.5,4.6,870,774,28,57.218234288
362.6,189,0,164.9,11.6,944.7,755.8,7,22.89749796
298.2,0,107,209.7,11.1,879.6,744.2,28,31.875164956
165,0,150,182,12,1023,729,28,18.0297974
236,0,0,194,0,968,885,28,18.41590396
167,75.4,167,164.03,7.91,1007.3,770.1,100,56.8128224
277.19,97.82,24.46,160.7,11.19,1061.7,782.46,56,66.82401392
173,116,0,192,0,946.8,856.8,NA,24.281965768
172.38,13.61,NA,156.76,4.14,1006.3,856.4,14,29.7508894
NA,0,113,178.5,8,1001.9,688.7,28,36.804918356
425,106.3,0,153.5,16.5,852.1,887.1,7,49.20100736
480,0,0,192,0,NA,712.2,28,43.942373908
516,0,0,162,8.26,801,802,28,41.36856
356,119,0,160,9.03,1061,657,28,58.99846132
480,0,0,192,0,936,721,28,43.89204216
388.6,97.1,0,157.9,12.1,852.1,925.7,56,55.19944856
321,0,128,NA,11,870,780,28,37.25928304
236.9,NA,71.5,246.9,6,852.9,695.4,28,28.629801424
397,17.2,158,167,20.8,967,633,28,55.64760796
184,86,190,213,6,923,623,28,22.93197176
157,236,0,192,0,935.4,781.2,3,9.694722036
NA,0,0,185.7,0,1047.8,739.3,28,37.437857324
165,128.5,132.1,175.06,8.08,1005.8,746.6,NA,53.72396992
275.07,0,121.35,159.48,9.9,1053.6,777.5,56,56.8472962
397,0,0,NA,0,1040,734,28,36.93522932
229.68,0,118.16,NA,6.13,1028.1,757.63,56,31.35047372
401.8,94.7,0,147.4,11.4,946.8,852.1,7,54.09628696
148,0,137,158,16,1002,830,28,17.95395504
198.6,132.4,0,192,0,978.4,825.5,90,38.074243672
307,0,0,193,0,968,812,28,27.53077668
218.23,54.64,123.78,140.75,11.91,1075.7,792.67,100,63.52831864
159.1,186.7,0,175.6,NA,989.6,788.9,28,32.768036376
285,190,0,163,7.6,1031,685,28,53.57917996
178.03,129.8,118.6,179.94,3.57,1007.3,746.8,100,49.99390476
313.3,NA,0,175.5,8.6,1046.9,611.8,56,64.90037588
304,76,0,228,0,932,670,365,55.260122448
312.9,160.5,0,177.6,9.6,916.6,759.5,NA,52.446370892
NA,243.5,0,180.3,10.7,1022,697.7,28,37.363393916
154.8,183.4,0,193.3,9.1,877.2,867.7,28,23.786922
296,0,106.7,221.4,10.5,819.2,778.4,NA,31.420110796
380,0,0,228,0,932,670,90,52.908319812
NA,173,0,192,0,909.8,891.9,3,6.280436884
165,0.02,143.57,163.81,0,1005.6,900.9,14,16.87837248
362.6,189,0,164.9,11.6,944.7,755.8,91,79.29663476
213.5,0,174.24,159.21,11.66,1043.6,771.9,3,15.60973664
173.54,50.05,173.53,164.77,6.47,1006.2,793.5,100,56.06129356
173.54,50.05,173.53,164.77,6.47,1006.2,793.5,3,23.07676172
260.9,100.5,78.3,200.6,NA,864.5,761.5,28,32.401235144
359,19,141,154,10.91,942,801,28,62.93536928
172.38,13.61,172.37,156.76,4.14,1006.3,856.4,28,33.68779736
135.7,203.5,0,185.7,0,1076.2,759.3,NA,18.19871902
397,0,0,185.7,0,1040.6,734.3,28,33.082437432
190.68,0,125.4,162.14,7.77,1090,804.01,100,40.56876784
152.6,238.7,0,200,6.3,1001.8,683.9,28,26.859916532
NA,0,124.13,158.49,11.33,1078.7,794.91,56,37.2661778
203.5,305.3,0,203.5,0,963.4,NA,7,19.539060364
155,184,143,194,9,880,699,28,28.98557104
451,0,0,165,11.25,1030,745,28,78.80021204
475,118.8,0,181.1,8.9,852.1,781.5,28,68.29949256
160,128,122,182,6.4,824,879,28,39.39665864
149,153,194,192,8,935,623,28,24.5798194
251.81,0,99.94,146.14,12.35,1006,899.76,3,21.02212324
212.52,0,100.37,159.32,8.71,1007.8,903.59,100,42.919881
387,20,94,157,11.61,938,845,7,41.66503468
298,NA,107,210,11,880,744,28,31.87447548
350,0,0,203,0,974,775,28,27.3377234
181.38,0,167.01,169.59,7.56,NA,777.8,100,45.3675208
380,95,0,228,0,932,594,180,40.759063216
246.83,0,125.08,143.3,11.99,1086.8,800.89,14,42.21661548
469,117.2,0,137.8,32.2,852.1,840.5,7,54.89607912
323.7,282.8,0,183.8,10.3,942.7,659.9,7,49.80085148
290.35,0,96.18,168.08,9.41,961.18,865,14,34.67374804
475,0,0,228,0,932,594,28,39.28978986
139.7,163.9,127.7,236.7,5.8,868.6,655.6,28,35.22532884
251.37,0,118.27,NA,6.35,1028.4,757.73,3,13.12072828
NA,0,174.74,154.79,10.16,1053.5,776.35,56,46.6430514
475,0,0,162,9.5,1044,662,28,58.52272288
266.2,112.3,87.5,177.9,10.4,909.7,744.5,28,39.421479776
250,0,95.69,191.84,5.33,948.9,NA,NA,41.1617172
480,0,0,192,NA,936,721,3,24.39366088
NA,212,0,203.5,0,971.8,748.5,28,29.89223198
277.05,NA,97.39,160.6,11.83,973.9,875.61,100,55.6407132
405,0,0,175,0,1120,695,28,52.30364936
158,0,195,220,11,898,713,28,8.53571288
380,95,0,228,0,932,594,28,36.447769788
307,0,0,193,0,968,812,90,32.922479
212.57,0,100.39,159.35,10.37,1003.8,903.79,14,25.3727168
480,0,0,192,0,936.2,712.2,3,24.404692496
277.05,0,97.39,160.6,11.83,973.9,875.61,14,41.885667
252.31,0,98.75,NA,14.17,987.76,889.01,14,42.29245784
425,106.3,NA,151.4,18.6,936,803.7,3,36.3009114
251.37,0,118.27,188.45,6.35,1028.4,757.73,28,32.66047812
146.5,114.6,89.3,201.9,8.8,860,829.5,28,19.98790924
212,0,124.78,159,7.84,1085.4,799.54,28,38.50033984
212.57,0,100.39,159.35,10.37,1003.8,903.79,28,37.404073
349,0,0,192,0,1056,809,120,40.85834776
313,145,0,127,8,1000,822,28,44.51946532
310,0,0,192,0,1012,830,7,17.24379476
190.34,0,125.18,161.85,9.88,1088.1,802.59,100,40.38950408
116,173,0,192,NA,909.8,891.9,28,22.347985588
213.5,0,174.24,154.61,11.66,1052.3,775.48,28,45.93978588
192,288,0,192,0,929.8,716.1,3,12.788400848
425,106.3,0,153.5,16.5,852.1,887.1,28,60.2946762
167,75.4,167,164.03,7.91,1007.3,770.1,56,53.46196904
326,166,0,174,9,882,790,28,61.23236356
193.5,290.2,0,185.7,0,998.2,704.3,7,17.200357772
307,0,0,193,0,968,812,180,34.48758952
135,0,166,180,10,961,805,28,13.29309728
237.5,237.5,0,228,0,932,594,270,38.407950056
139.6,209.4,0,192,0,1047,806.9,NA,14.58931216
387,NA,94,157,13.93,938,845,3,25.510612
229.68,0,118.16,195.23,6.13,1028.1,757.63,3,13.35515012
325,0,0,184,0,1063,783,7,17.54026944
290.35,0,96.18,168.08,9.41,961.18,865,100,48.97348028
153,145,0,178,8,1000,822,28,19.00885332
NA,166.8,0,203.5,0,977.6,694.1,7,19.35014394
132,206.5,160.9,178.9,5.5,866.9,735.6,28,33.306517132
277,0,0,191,0,968,856,14,21.26343984
318.8,212.5,0,155.7,14.3,852.1,880.4,7,33.39821744
349,0,0,192,0,1047,806,360,42.1269836
520,0,0,175,5.2,870,805,28,51.021224
NA,NA,172.37,156.76,4.14,1006.3,856.4,100,37.6798634
362.6,189,0,164.9,11.6,944.7,755.8,91,79.29663476
251.37,0,NA,188.45,5.75,1028.4,757.73,56,36.96970312
266,112,87,178,10,910,745,28,39.41734292
229.68,0,118.16,195.23,6.13,1028.1,757.63,14,22.31833812
148.5,139.4,108.6,192.7,6.1,892.4,780,28,23.696600644
288,192,0,192,0,932,717.8,28,38.804398756
272.8,181.9,0,185.7,0,1012.4,714.3,7,19.765208492
159.8,250,0,168.4,12.2,1049.3,688.2,28,39.455953576
237.5,237.5,0,228,0,932,594,28,30.079769452
133,200,0,NA,0,927.4,839.2,7,13.664035368
295.8,0,0,185.7,0,1091.4,769.3,7,14.843728804
290.35,0,96.18,168.08,9.41,961.18,865,56,45.08483564
122.6,183.9,0,203.5,0,958.2,800.1,7,10.354550568
380,95,0,228,0,932,594,90,40.563252032
305.3,203.5,0,203.5,0,NA,631,90,54.598914964
305.3,203.5,NA,203.5,0,965.4,NA,28,43.377003588
376,0,0,214.6,0,1003.5,762.36,56,36.3009114
289,0,0,192,0,913.2,895.3,28,25.573354316
277,0,0,191,0,968,856,90,31.25394708
NA,0,118.16,195.23,6.13,1028.1,757.63,100,40.85834776
149,118,92,183,7,953,780,28,23.51802636
222.36,0,96.67,189.29,4.46,967.08,870.32,56,29.44751996
158.6,148.9,116,175.1,15,953.3,719.7,28,27.681082448
333,17.5,163,167,17.9,996,652,28,47.27736932
337.9,189,0,174.9,9.5,944.7,755.8,28,49.89737812
NA,42.22,124.25,158.33,10.83,1080.8,796.15,100,48.15300384
218.85,0,124.13,158.49,11.33,1078.7,794.91,14,26.04840328
288,192,0,192,0,932,717.8,3,16.10960674
222.36,0,96.67,189.29,4.46,967.08,870.32,100,40.7135578
295.71,0,95.64,171.54,8.87,955.14,859.2,14,35.2322236
289,133.7,0,194.9,5.5,924.1,760.1,28,46.247292176
194.68,0,100.52,170.17,7.48,998,901.8,3,12.17614616
397,0,0,185.7,0,1040.6,734.3,7,25.447869684
315,137,0,145,5.9,1130,745,28,81.75116932
332.5,142.5,0,228,0,932,594,90,37.721921436
362.6,189,0,164.9,NA,944.7,755.8,3,35.3011712
251.81,0,99.94,146.14,12.35,1006,899.76,100,45.3675208
273,105,82,210,9,904,680,28,37.16965116
300,0,120,212,10,878,728,28,23.83518532
250,0,0,182,0,1100,820,7,12.73462172
425,106.3,0,151.4,18.6,936,803.7,28,61.79773388
302,0,0,203,0,974,817,28,21.7529678
273,0,90,199,11,931,762,28,32.23989776
289,0,0,192,0,913.2,895.3,90,32.068218236
190.34,0,125.18,166.61,9.88,1079,798.9,28,24.84871504
194.68,0,100.52,165.62,7.48,1006.4,905.9,100,37.34202016
355,19,97,145,12.25,967,871,28,55.45455468
339,0,0,197,0,968,781,3,13.22414968
313.3,NA,0,175.5,8.6,1046.9,611.8,3,28.79941252
145,0,134,181,11,979,812,28,13.19657064
155,0,143,193,9,877,868,28,9.73540112
166.8,250.2,0,203.5,0,975.6,692.6,7,15.748321316
425,106.3,0,153.5,16.5,852.1,887.1,3,33.39821744
160,188,146,203,11,829,710,28,32.83974188
286.3,200.9,0,144.7,11.2,1004.6,803.7,NA,67.69964844
NA,110.5,86.1,195.4,5,895.2,732.6,28,33.71882378
540,0,0,173,0,1125,613,180,71.62276688
266,114,0,228,0,932,670,90,47.029847436
318.8,212.5,0,155.7,14.3,852.1,880.4,28,55.49592324
192,288,0,192,0,929.8,716.1,28,39.321505756
237.5,237.5,0,228,0,932,594,7,26.258003984
296,0,0,186,0,1090,769,7,18.91232668
446,24,79,162,11.61,967,712,3,35.36322404
213.76,98.06,24.52,181.74,6.65,1066,785.52,100,49.97322048
297.16,0,117.54,174.8,9.52,1022.8,753.45,3,21.91154728
233.81,0,94.58,197.89,4.567,947.04,852.16,56,27.66177712
313,0,0,178,8,1000,NA,28,25.0969264
165,0.02,143.57,163.81,NA,1005.6,900.9,100,37.9556538
522,0,0,146,0,896,896,7,50.51101176
150,236.8,0,173.8,11.9,1069.3,674.8,28,37.43165204
233.81,0,94.58,197.89,4.567,947.04,852.16,3,10.38350856
307,0,0,193,0,968,812,3,12.54156844
233.81,0,94.58,197.89,4.567,947.04,852.16,14,22.13907436
165,0.02,143.57,163.81,0,1005.6,900.9,56,36.56291228
322,NA,0,186,8,951,709,28,52.42086028
236,0,0,193,0,NA,885,7,9.99050724
284,15,141,179,5.46,NA,NA,7,24.13166
385,0,0,186,0,966,763,1,6.26733684
304,76,0,228,0,932,670,180,50.94882902
304,76,0,228,0,932,670,270,54.378282644
298,137,107,201,6,878,655,28,53.52402188
296,0,107,NA,11,819,NA,28,31.41942132
NA,NA,112.3,220.1,10.1,923.2,657.9,28,16.503987012
304,140,0,214,6,895,722,28,33.41890172
393,0,0,192,0,940.6,785.6,3,19.199148696
136,196,98,199,6,847,783,28,26.96540636
339,0,0,197,0,968,781,7,20.96696516
350,0,0,186,0,1050,770,7,20.27748916
167,75.4,167,164.03,7.91,NA,770.1,3,15.52010476
108.3,162.4,0,203.5,0,938.2,NA,7,7.723510152
190.68,0,125.4,162.14,7.77,1090,804.01,56,35.34253976
238.05,0,94.11,186.66,7,949.91,847.01,14,25.68987576
173.81,93.37,159.9,172.34,9.73,1007.2,746.6,28,37.81086384
157,236,0,192,0,935.4,781.2,7,16.889404096
250,0,95.69,187.42,5.53,956.86,861.17,14,24.91766264
141.9,166.6,129.7,173.5,10.9,882.6,785.3,28,44.611855104
250,0,0,182,0,1100,820,28,20.87043852
289,0,0,192,0,NA,895.3,7,14.596896396
337.9,189,0,174.9,9.5,944.7,755.8,56,59.89478012
249.1,0,98.75,158.11,12.8,987.76,889.01,28,30.84715624
238.1,0,0,185.7,0,1118.8,789.3,28,17.576122192
475,118.8,0,181.1,8.9,852.1,781.5,91,74.19451236
250,0,95.69,191.84,5.33,948.9,857.2,28,27.22051248
425,106.3,0,153.5,16.5,852.1,887.1,3,33.39821744
321,164,0,190,5,870,774,28,57.21271848
387,20,94,157,13.93,938,845,7,45.89841732
302,0,0,203,0,974,NA,14,18.12632404
296,0,0,NA,NA,1085,765,90,29.39236188
321.4,0,127.9,182.5,11.5,870.1,779.7,28,37.265488324
313.3,262.2,0,175.5,8.6,1046.9,611.8,7,42.79577532
525,0,0,189,0,1125,613,7,42.42345828
376,0,0,214.6,0,1003.5,762.36,100,43.0577762
297.16,0,117.54,174.8,9.52,1022.8,753.45,28,47.401475
166.09,0,163.27,176.46,4.49,1058.6,780.09,14,25.48303296
322.2,NA,115.6,196,10.4,817.9,813.4,28,31.178794196
362.6,189,0,164.9,11.6,944.7,755.8,56,77.29715436
254,0,0,198,0,968,863,180,27.62730332
178.03,129.8,118.6,179.94,3.57,1007.3,746.8,56,48.58737372
229.68,0,118.16,195.23,6.13,1028.1,757.63,28,24.53845084
212,141.3,0,203.5,0,973.4,750,90,39.70002808
393,0,0,192,0,940.6,785.6,90,48.846616696
165,0.02,143.57,163.81,0,1005.6,900.9,3,14.39625888
NA,42.08,163.83,121.75,5.72,1058.7,780.11,100,39.2311844
166.09,NA,163.27,176.46,4.49,1058.6,780.09,100,33.5430074
446,24,79,162,11.64,967,712,28,51.021224
203.5,305.3,0,203.5,0,963.4,630,28,41.684340008
302,0,0,203,0,974,817,180,26.74477404
388.6,97.1,0,157.9,12.1,852.1,925.7,91,57.59882504
139.6,209.4,0,192,0,1047,806.9,3,8.06342182
190.34,0,125.18,161.85,9.88,1088.1,NA,56,38.56239268
446,24,79,162,11.64,967,712,56,55.25460664
255.3,98.8,77,188.6,NA,919,749.3,28,33.798802996
157,236,NA,192,0,935.4,781.2,NA,43.377003588
388.6,97.1,0,157.9,12.1,852.1,925.7,3,28.096147
424,22,132,178,8.48,822,750,7,39.0046422847293
491,26,123,201,3.93,822,699,56,61.855846854188
313.3,262.2,0,175.5,NA,1046.9,611.8,91,66.59648684
313.3,145,0,178.5,8,NA,688.7,28,41.053469468
356,0,142,193,11,801,778,28,40.86524252
350,0,0,203,0,974,775,14,22.53207568
151.8,178.1,138.7,167.5,18.3,944,694.6,28,36.349864196
149,236,0,176,13,847,893,28,32.9569528
349,0,0,NA,0,1047,806,180,41.05140104
166.8,250.2,0,203.5,0,975.6,692.6,90,43.565230536
150.7,0,185.3,166.7,15.6,1074.5,678,28,13.461329424
166.8,250.2,0,203.5,0,975.6,692.6,3,6.902344236
236,157,0,192,0,972.6,749.1,28,32.88455782
342,NA,0,228,0,932,670,90,50.45930106
401.8,94.7,0,147.4,11.4,946.8,NA,28,68.4994406
150.9,0,183.9,166.6,11.6,991.2,772.2,28,15.569747032
213.72,98.05,24.51,181.71,6.86,1065.8,785.38,28,45.70536404
246.83,0,125.08,143.3,11.99,1086.8,800.89,100,66.42411784
145.7,172.6,0,181.9,3.4,985.8,816.8,28,23.744174488
375,0,0,186,0,1038,758,28,38.21075992
212,141.3,0,203.5,0,973.4,750,3,6.8085755
212.57,0,100.39,159.35,10.37,1003.8,903.79,100,47.73931824
190.68,0,125.4,162.14,7.77,1090,804.01,14,21.0634918
190,190,0,228,NA,932,670,180,46.931941844
167.95,42.08,163.83,121.75,5.72,1058.7,780.11,NA,7.74971024
139.6,209.4,NA,192,0,1047,806.9,360,44.698039604
339.2,0,0,185.7,0,1069.2,754.3,7,21.179323768
194.68,0,100.52,170.17,7.48,998,NA,56,43.38872468
164.2,0,200.1,181.2,12.6,849.3,846,28,15.091250688
475,0,0,228,NA,932,594,180,42.620648416
212.07,0,121.62,180.31,5.69,1057.6,779.32,14,20.91870184
425,106.3,0,153.5,16.5,852.1,887.1,28,60.2946762
252.5,0,0,185.7,0,1111.6,784.3,28,19.765208492
427.5,47.5,0,228,0,932,594,90,41.542997428
246.83,0,125.08,143.3,11.99,1086.8,800.89,28,52.5035974
251.37,0,118.27,188.45,6.35,1028.4,757.73,14,24.42813468
NA,189,0,145.9,22,944.7,755.8,3,40.59634688
102,153,0,192,0,887,942,3,4.565020596
362.6,189,0,164.9,11.6,944.7,755.8,28,71.29871316
236,NA,0,194,NA,968,885,3,6.46728488
425,106.3,0,NA,16.5,852.1,887.1,28,60.2946762
173.54,50.05,173.53,164.77,6.47,1006.2,793.5,14,33.00521612
146,230,0,202,3,827,872,28,33.0603742
231.75,0,121.62,173.96,6.72,1056.4,778.45,14,26.77235308
316.1,210.7,0,185.7,0,977,689.3,7,24.437787344
375,93.8,0,126.6,23.4,852.1,992.6,91,62.5009994
305,0,100,196,10,959,705,28,30.12320644
212.52,0,100.37,159.32,8.71,1007.8,903.59,3,13.54130864
183.9,122.6,0,203.5,0,959.2,800,7,10.787541496
275,0,0,183,0,1088,808,7,14.2032056
374,189.2,0,170.1,10.1,926.1,756.7,3,34.39795764
331,0,0,192,0,978,825,28,31.44700036
148,0,182,181,15,839,884,28,15.52010476
133,200,0,192,0,927.4,839.2,3,6.883728384
295,0,0,185,0,1069,769,28,25.17966352
231.75,0,121.62,173.96,6.72,1056.4,NA,3,15.43736764
313,145,0,178,8,1002,689,28,41.05140104
318,NA,126,210,6,861,737,28,40.0585556
389.9,189,0,145.9,NA,944.7,755.8,28,74.4978818
200,0,0,180,0,1125,845,7,7.83934212
427.5,47.5,0,228,0,932,594,7,35.076402024
287.3,120.5,93.9,187.6,NA,904.4,695.9,28,43.798273424
359,19,141,154,10.91,942,801,56,66.7806754305414
116,173,0,192,0,909.8,891.9,7,10.089791784
236,0,0,NA,0,968,885,180,24.10408096
288,192,0,192,0,932,717.8,7,23.523542168
166.09,0,163.27,176.46,4.49,1058.6,780.09,3,10.76272036
143.6,0,174.9,158.4,17.9,942.7,844.5,28,15.42357812
200,133,0,192,0,965.4,806.2,28,30.439675924
NA,0,0,197,0,968,781,28,32.03994972
331,170,0,NA,8,NA,802,28,56.61287436
500,0,0,200,0,1125,NA,90,47.22221124
491,26,123,210,3.93,882,699,3,25.6091085694586
382,0,0,186,0,1047,739,7,24.00065956
252.1,97.1,NA,193.8,8.3,835.5,821.4,28,33.399596392
469,117.2,0,137.8,32.2,852.1,840.5,91,70.69886904
154.8,183.4,0,193.3,9.1,1047.4,696.7,28,18.287661424
220.8,147.2,0,185.7,0,1055,744.3,28,25.74503384
297.16,0,117.54,174.8,9.52,1022.8,753.45,14,36.9903874
190,190,NA,228,0,932,670,28,40.856968808
249.1,0,98.75,158.11,12.8,987.76,889.01,3,15.36152528
491,26,123,210,3.93,882,699,56,59.5904257152707
134.7,0,165.7,180.2,10,961,804.9,28,13.293786756
540,0,0,162,2.5,1055,676,28,61.88736576
133.1,210.2,0,195.7,3.1,949.4,795.3,28,28.937997196
304.8,0,99.6,196,9.8,959.4,705.2,28,30.12320644
336.5,0,0,181.9,3.4,985.8,816.8,28,44.868340176
310,142.8,0,167.9,10,914.3,804,NA,45.304778484
167.35,129.9,128.62,175.46,7.79,1006.3,746.6,56,51.72448952
540,0,0,NA,0,1125,613,3,41.63745564
284,15,141,179,NA,842,801,56,44.5204502847293
275.07,0,121.35,159.48,9.9,1053.6,777.5,3,23.80071152
198.6,132.4,0,192,0,978.4,825.5,7,14.638264956
141.3,212,0,203.5,0,971.8,748.5,7,10.3938507
212.07,0,121.62,180.31,5.69,1057.6,779.32,28,24.90387312
167.35,129.9,128.62,175.46,7.79,1006.3,746.6,28,41.20308576
339,0,0,197,0,968,781,14,27.04124872
540,0,0,173,0,1125,NA,NA,74.16693332
528,0,0,185,6.86,920,720,28,56.83350668
212.57,0,100.39,159.35,10.37,1003.8,903.79,56,44.39535964
332.5,142.5,0,228,0,932,594,7,30.275580636
500,0,0,200,0,1125,613,270,55.15808
158.8,238.2,0,185.7,0,1040.6,734.3,28,21.066249704
277.19,97.82,24.46,160.7,11.19,1061.7,NA,28,63.14221208
525,NA,0,189,0,1125,613,NA,67.11359384
290.2,193.5,0,185.7,0,998.2,704.3,28,33.0431373
212.52,0,100.37,159.32,8.71,1007.8,903.59,14,26.31040416
213.74,0,174.74,154.79,10.16,1053.5,776.35,NA,50.07664188
251.37,0,118.27,192.94,5.75,1043.6,754.3,100,40.14818748
286.3,200.9,0,144.7,11.2,1004.6,803.7,3,24.40055564
250,0,95.69,191.84,5.33,948.9,857.2,3,8.48744956
154,174,185,228,7,845,612,28,24.3385028
540,0,0,173,0,1125,613,14,59.76377968
NA,239,0,200,6,1002,684,28,26.8550902
309.9,142.8,111.2,167.8,22.1,913.9,651.2,28,38.215586252
167,187,195,185,7,898,636,28,23.8903434
424,22,132,178,8.48,822,750,56,65.697213145812
203.5,305.3,0,203.5,0,963.4,630,90,51.863763672
540,0,NA,173,0,1125,613,7,52.61391356
252.31,0,98.75,146.25,14.17,987.76,889.01,56,55.82687172
531.3,0,0,141.8,28.2,852.1,893.7,91,59.19840936
168.88,42.22,124.25,158.33,10.83,1080.8,796.15,56,39.14844728
389.9,189,0,NA,22,944.7,NA,56,79.40005616
359,19,141,154,10.91,942,801,7,38.610656
140,133,103,200,7,916,753,28,36.4388066
155,0,143,193,9,1047,697,28,12.45883132
214.9,53.8,121.89,155.63,9.61,1014.3,780.58,3,18.01600788
170.3,155.5,0,185.7,0,NA,724.3,NA,10.730314988
167.95,42.08,163.83,121.75,5.72,1058.7,780.11,28,24.24197616
162,207,172,216,10,822,638,28,39.84481804
156,178,187,221,7,NA,614,28,29.41304616
212,0,124.78,159,7.84,NA,799.54,3,19.51906556
540,0,NA,173,0,1125,613,90,69.65776028
362.6,189,0,164.9,11.6,944.7,755.8,7,55.89581932
213.5,NA,174.24,159.21,11.66,1043.6,771.9,56,51.25564584
337.9,189,0,174.9,9.5,944.7,755.8,3,24.0971862
387,20,94,157,14.32,938,845,3,22.752708
525,0,0,189,0,1125,613,28,55.94408264
446,24,79,162,11.61,967,712,56,61.06688932
238.05,0,94.11,186.66,7,949.91,847.01,56,39.58971192
151,0,184,NA,12,991,772,28,15.56836808
500,0,0,200,0,1125,613,180,51.04190828
331,0,0,192,0,978,825,3,13.52062436
202,11,NA,206,1.72,942,801,NA,21.96670536
295.71,0,95.64,171.54,8.87,955.14,859.2,28,39.94134468
310,0,0,192,0,970,850,360,38.11423328
446,24,79,162,11.64,967,712,7,39.300132
250,0,95.69,187.42,5.53,NA,861.17,3,13.81709904
246.83,0,125.08,NA,11.99,1086.8,800.89,NA,23.52492112
NA,0,100.52,165.62,NA,1006.4,905.9,3,12.45193656
475,118.8,0,181.1,8.9,852.1,781.5,7,55.59934464
375,93.8,0,126.6,23.4,852.1,992.6,7,45.69846928
198.6,132.4,0,192,0,978.4,825.5,3,9.131420144
349,0,0,192,0,1056,809,3,15.87173752
359,19,141,154,10.91,942,801,28,59.49488404
157,236,NA,192,0,935.4,781.2,28,33.664355176
212.52,0,100.37,159.32,8.71,1007.8,903.59,56,42.54756396
160,250,0,168,12,1049,688,28,39.45181672
181.9,272.8,0,185.7,0,1012.4,714.3,7,12.37264682
236,157,0,192,0,972.6,749.1,3,13.5654403
349,0,0,192,0,1056,809,7,9.01145132
382.5,0,0,185.7,0,1047.8,739.3,7,24.065470304
322.5,148.6,0,185.8,8.5,951,709.5,28,52.426376088
333,0,0,192,0,931.2,842.6,28,31.966865264
331,0,0,192,0,978,825,7,16.26473884
480,0,0,192,0,936,721,90,54.27555072
387,20,94,157,11.61,938,845,28,46.68441996
NA,167,130,174,11,883,785,28,44.6090972
145,116,119,184,5.7,NA,880,28,29.15794004
313.8,0,112.6,169.9,10.1,925.3,782.9,28,38.461039708
379.5,151.2,0,NA,15.9,1134.3,605,56,54.89607912
500,0,0,200,0,1125,613,14,36.93522932
213.74,0,174.74,154.79,10.16,1053.5,NA,28,40.14818748
NA,139,109,193,6,892,780,28,23.69039536
252.31,0,98.75,146.25,14.17,987.76,889.01,100,60.9496784
275.07,0,121.35,159.48,9.9,1053.6,777.5,100,58.60546
331,0,0,192,0,978,825,90,37.231704
238.05,0,94.11,186.66,7,949.91,847.01,28,30.2335226
218.85,0,124.13,158.49,11.33,1078.7,794.91,3,15.340841
380,0,0,228,0,932,670,180,53.104130996
376,0,0,214.6,0,1003.5,762.36,14,25.62092816
393,0,0,192,0,NA,758,3,19.10537996
233.81,0,94.58,197.89,4.567,947.04,852.16,100,34.55653712
165,128.5,132.1,175.06,8.08,1005.8,746.6,100,55.0201848
469,117.2,0,137.8,32.2,852.1,840.5,3,40.1964508
212,0,124.78,159,7.84,1085.4,799.54,14,31.35047372
NA,97.82,24.46,160.7,11.19,1061.7,782.46,3,30.44726016
194.68,0,100.52,170.17,7.48,998,901.8,100,44.27814872
359,19,141,154,10.91,942,801,56,68.750606854188
190.68,0,125.4,162.14,7.77,NA,804.01,3,15.04436632
288,192,0,192,0,932,717.8,90,50.526869708
322,0,0,203,NA,974,800,14,20.77391188
500,0,0,140,4,966,853,28,67.568648
173.81,93.37,159.9,172.34,9.73,1007.2,746.6,14,29.55094136
475,0,59,142,1.9,NA,641,28,57.226508
250,0,95.69,187.42,5.53,956.86,861.17,100,42.34761592
228,342.1,0,185.7,0,955.8,674.3,28,39.699338604
198.6,132.4,0,NA,0,978.4,825.5,360,44.296075096
213.5,0,174.24,159.21,11.66,1043.6,771.9,100,52.95865156
297.8,137.2,106.9,201.3,6,878.4,655.3,28,53.524711356
151,0,185,167,16,1074,678,28,13.45857152
172.38,13.61,172.37,156.76,4.14,1006.3,856.4,3,21.29101888
141.3,212,0,203.5,0,971.8,748.5,3,4.827710952
236,0,0,194,0,968,885,14,12.83804312
NA,106.3,0,151.4,18.6,936,803.7,56,64.90037588
255,0,0,192,0,889.8,945,90,21.859147104
531.3,0,0,141.8,28.2,852.1,893.7,7,46.89815752
158.8,238.2,0,185.7,0,1040.6,NA,7,9.617500724
450.1,50,0,NA,3,1124.4,613.2,28,39.37597436
182.04,NA,121.97,170.21,8.19,1059.4,780.65,3,7.31534036
238.1,0,0,185.7,0,1118.8,789.3,7,10.335934716
173.81,93.37,159.9,172.34,9.73,1007.2,746.6,100,50.93848688
342,38,0,228,0,932,670,365,56.141962252
298.1,0,107,186.4,6.1,879,815.2,28,42.6440906
480,0,0,192,0,936.2,NA,7,34.569637164
290.35,0,96.18,168.08,9.41,961.18,865,28,34.73580088
316.1,210.7,0,185.7,0,977,689.3,28,38.70028788
122.6,183.9,0,203.5,0,NA,800.1,3,3.31982694
250,180,95,159,9.45,860,800,NA,67.86512268
362.6,NA,0,164.9,11.6,944.7,755.8,28,71.29871316
446,24,79,162,11.64,967,712,3,23.34565736
313.3,145,0,178.5,8,867.2,824,28,40.925226932
249.1,0,98.75,158.11,12.8,987.76,889.01,14,28.6822016
266,114,0,228,0,932,670,28,45.854290856
NA,11,141,206,1.72,942,NA,56,23.245190854188
310,0,0,192,0,970,850,28,27.923778
362.6,189,0,164.9,11.6,944.7,755.8,28,71.29871316
133,210,0,196,NA,949,795,28,31.02642
194.68,0,100.52,165.62,NA,1006.4,905.9,14,24.98661024
237.5,237.5,0,228,0,NA,594,180,36.251958604
331,0,0,192,0,978,825,360,41.24445432
151.6,0,111.9,184.4,NA,992,815.9,28,12.180972492
349,0,0,NA,0,1047,806,7,18.12632404
173.54,50.05,173.53,164.77,6.47,1006.2,793.5,28,38.20386516
393,0,NA,192,0,940.6,785.6,NA,39.604880392
173.54,50.05,173.53,164.77,6.47,1006.2,793.5,56,53.77223324
153,145,113,178,8,867,824,28,26.22766704
212,141.3,0,203.5,NA,973.4,750,28,33.003837168
214.9,53.8,121.89,155.63,9.61,1014.3,780.58,14,38.60376124
252,0,0,185,0,1111,784,28,19.69143456
381.4,0,0,185.7,0,1104.6,784.3,28,22.489328168
505,0,60,195,0,1030,630,28,64.0178466
155.2,183.9,143.2,193.8,9.2,879.6,698.5,28,28.991086848
318.8,212.5,0,NA,14.3,852.1,880.4,56,66.10006412
387,20,94,157,11.61,938,845,3,34.77027468
297.16,0,117.54,174.8,NA,1022.8,753.45,100,56.7438748
238,0,0,186,NA,1119,789,28,17.54026944
310,0,0,192,0,1012,NA,28,27.82725136
165,128.5,132.1,175.06,8.08,1005.8,746.6,14,33.08795324
194.68,0,100.52,170.17,7.48,998,901.8,28,37.2661778
427.5,47.5,0,228,0,932,594,28,37.427515184
375,93.8,NA,126.6,23.4,852.1,992.6,28,56.69561148
144,0,175,158,18,943,844,28,15.41668336
362.6,NA,0,164.9,11.6,944.7,755.8,56,77.29715436
427.5,47.5,0,228,0,932,594,365,43.698299404
167.35,129.9,128.62,175.46,7.79,1006.3,746.6,3,14.94094492
NA,19,141,154,10.91,942,801,3,25.1166257152707
141.3,212,0,203.5,0,971.8,748.5,90,39.6621069
333,0,0,192,0,931.2,842.6,90,41.680203152
234,156,0,189,5.85,981,760,28,39.300132
173,116,0,192,0,946.8,856.8,NA,6.940954892
314,0,113,170,NA,925,783,NA,38.45897128
387,20,94,157,14.32,938,845,7,36.83870268
213.5,0,174.24,154.61,11.66,1052.3,775.48,3,17.36790044
295.71,0,95.64,171.54,8.87,955.14,859.2,100,52.04164848
143.7,170.2,132.6,191.6,8.5,814.1,805.3,28,29.870858224
337.9,189,0,174.9,9.5,944.7,755.8,91,67.79617508
210.7,316.1,0,185.7,0,977,NA,7,21.819846972
277,0,0,191,0,968,856,28,25.96566616
374,0,0,190,7,1013,730,28,39.05192064
387,20,94,157,13.93,938,845,28,46.68441996
NA,158.8,0,185.7,0,1040.6,734.3,7,15.691094808
425,106.3,0,153.5,16.5,852.1,887.1,56,64.30053176
277,0,0,191,0,968,856,180,32.32952964
376,0,0,214.6,0,1003.5,762.36,3,16.27852836
381.4,0,0,185.7,0,1104.6,784.3,7,14.54104884
276.4,116,90.3,179.6,8.9,870.1,768.3,28,44.284354004
NA,0,0,185.7,0,1069.2,754.3,28,31.899986092
375,0,0,186,0,1038,758,7,26.0621928
200,0,0,180,0,1125,845,28,12.24509376
164.6,0,150.4,181.6,11.7,1023.3,728.9,NA,18.033934256
393,0,0,192,0,940.6,785.6,7,27.742445812
436,0,0,218,0,838.4,719.7,28,23.84897484
379.5,151.2,0,153.9,15.9,1134.3,605,3,28.59946448
139.6,209.4,0,192,0,1047,806.9,90,39.358047984
250.2,166.8,0,203.5,0,977.6,694.1,90,47.714497104
374,189.2,0,170.1,10.1,926.1,756.7,NA,64.90037588
222.36,0,96.67,189.29,4.46,NA,870.32,3,11.57630204
375,93.8,0,126.6,23.4,852.1,992.6,56,60.19814956
277.05,0,NA,160.6,11.83,973.9,875.61,56,51.03501352
147,115,89,202,9,860,829,28,19.98790924
190,190,0,228,0,932,670,365,53.692254024
NA,0,0,228,0,932,NA,270,53.300631656
212,0,124.78,159,7.84,1085.4,799.54,100,47.8151606
298,0,107,186,6,879,815,28,42.63719584
314,145,NA,179,8,869,690,28,46.2293658
178.03,129.8,NA,179.94,3.57,1007.3,NA,3,20.72564856
342,38,0,228,0,932,670,180,52.1243856
286.3,200.9,0,144.7,11.2,1004.6,803.7,56,72.99482412
290.35,0,96.18,168.08,9.41,961.18,865,3,22.50449664
295.71,0,95.64,NA,NA,955.14,859.2,3,22.94576128
132,207,161,179,5,867,736,28,33.3016908
181.38,0,167.01,169.59,7.56,1055.6,777.8,3,13.62404576
133,200,0,192,0,927.4,839.2,28,27.874825204
272.6,NA,89.6,198.7,10.6,931.3,NA,28,32.245413568
152,0,112,184,8,992,NA,28,12.17614616
212.07,0,121.62,180.31,5.69,1057.6,NA,3,12.47262084
251.37,0,118.27,192.94,5.75,1043.6,754.3,3,11.98309288
218.85,0,124.13,158.49,11.33,1078.7,794.91,28,30.21973308
355.9,0,NA,193.3,11,801.4,778.4,28,40.8686899
122.6,183.9,0,203.5,0,958.2,800.1,90,33.192064116
284,15,141,179,5.46,842,801,3,13.3955337152707
147.8,175.1,0,171.2,2.2,1000,NA,28,26.922658848
276,116,90,180,9,870,768,28,44.27814872
254,0,0,198,0,968,NA,3,9.307926
531.3,0,0,141.8,28.2,852.1,893.7,28,56.3991368
401.8,94.7,0,147.4,11.4,NA,852.1,56,73.69808964
212.07,0,121.62,180.31,5.69,1057.6,779.32,56,34.20490436
375,93.8,0,126.6,23.4,852.1,992.6,3,28.99936056
362.6,189,0,164.9,11.6,944.7,755.8,3,35.3011712
255,NA,77,189,6,919,749,28,33.79811352
280,129,100,172,9,825,805,28,52.82075636
148.1,0,136.6,158.1,16.1,1001.8,830.1,28,17.959470848
213.5,0,174.24,159.21,11.66,1043.6,771.9,28,44.63667624
389.9,189,0,145.9,22,944.7,755.8,91,82.5992248
284,15,141,179,5.46,842,801,28,43.73346268
203.5,305.3,0,203.5,0,963.4,630,3,9.561653168
202,11,141,206,1.72,942,801,7,15.0699754305414
491,26,123,201,3.93,822,699,3,29.5489714305414
380,0,0,228,0,932,670,365,52.516697444
516,0,0,162,8.2,801,802,28,41.36856
159,149,116,175,15,953,720,28,27.67556664
182.04,45.21,121.97,170.21,8.19,1059.4,780.65,56,43.49904084
380,95,0,228,0,932,594,270,41.15137506
183.9,122.6,0,203.5,0,959.2,800,28,24.046164976
NA,0,118.31,195.47,4.63,1029.4,758.59,14,20.08443588
173.81,93.37,159.9,172.34,9.73,1007.2,746.6,3,15.81657944
385,0,0,NA,0,966,763,14,27.923778
366,187,0,191.3,6.6,824.3,756.9,28,65.909079268
307,0,0,193,0,968,812,365,36.14922668
236,0,0,193,0,968,885,365,25.08313688
225,0,0,181,0,1113,833,28,17.3403214
491,26,123,210,3.93,882,699,7,33.4888342847293
252.31,0,98.75,146.25,14.17,987.76,889.01,28,50.60064364
475,0,NA,228,0,932,594,270,42.131120456
310,0,0,192,0,970,850,90,34.6806428
349,0,0,192,0,1047,806,3,14.98920824
400,0,0,187,0,1025,745,28,43.69898888
424,22,132,168,8.92,822,750,3,32.1098822847293
225,0,0,181,0,1113,833,7,11.1695112
331,0,0,192,0,1025,821,120,39.38286912
250,0,95.69,191.84,5.33,NA,857.2,14,24.65566176
190.34,0,125.18,161.85,9.88,1088.1,802.59,3,9.4458212
305.3,203.5,0,203.5,0,965.4,631,7,25.893960656
NA,0,126.5,209.7,5.7,860.5,736.6,28,40.06200298
213.74,0,174.74,154.79,10.16,1053.5,NA,14,33.72916592
287,121,94,188,9,904,696,28,41.94082508
297,0,0,186,0,1040,734,7,30.9574724
312.7,144.7,0,127.3,8,999.7,822.2,28,44.523602176
362.6,189,NA,164.9,11.6,944.7,755.8,56,77.29715436
362.6,189,0,164.9,11.6,944.7,755.8,56,77.29715436
213.5,0,174.24,154.61,11.66,1052.3,775.48,56,51.4349096
222.36,0,96.67,189.29,4.46,NA,870.32,14,24.44881896
181.38,0,NA,169.59,NA,1055.6,777.8,14,21.60128308
500,NA,0,200,0,1125,613,1,12.63809508
159,187,0,176,NA,990,789,28,32.76389952
181.9,272.8,0,185.7,0,1012.4,714.3,28,27.935499092
222.36,0,96.67,189.29,4.46,967.08,870.32,28,24.8900836
540,0,0,173,0,1125,613,28,67.30664712
213.76,98.06,24.52,181.74,6.65,1066,785.52,NA,47.13257936
203.5,135.7,0,185.7,0,1076.2,759.3,7,11.957582268
312.7,0,NA,NA,8,NA,822.2,28,25.10382116
165,128.5,132.1,175.06,8.08,1005.8,746.6,3,19.41564416
313,161,0,178,10,917,759,28,52.44154456
213.5,0,174.24,154.61,11.66,1052.3,775.48,100,59.30183076
284,119.7,0,168.3,7.2,970.4,794.2,28,40.934879596
277,0,0,191,0,968,NA,360,33.70158688
251.37,0,118.27,192.94,5.75,NA,754.3,56,39.2656582
154,144,112,220,10,923,658,28,16.49916068
275.07,0,121.35,159.48,9.9,1053.6,NA,28,51.3314882
334,17.6,158,189,15.3,967,633,28,44.32641204
318.8,212.5,0,155.7,14.3,852.1,880.4,91,68.09954452
194.68,NA,100.52,170.17,7.48,998,901.8,14,24.28334472
279.8,128.9,100.4,172.4,9.5,825.1,804.9,28,52.826961644
469,117.2,0,137.8,32.2,852.1,840.5,56,69.29923276
295.8,0,0,185.7,0,1091.4,769.3,28,25.216895224
322,0,116,196,10,818,813,28,31.17810472
149,117.6,91.7,182.9,7.1,953.4,780.3,NA,23.524231644
446,24,79,162,10.3,967,712,56,54.76507868
295.71,0,95.64,171.54,8.87,955.14,859.2,56,48.71837416
332.5,142.5,0,228,0,932,594,270,40.269535256
350,0,0,203,0,974,775,90,31.35047372
252.5,0,0,185.7,0,1111.6,784.3,7,11.483912256
332.5,142.5,NA,228,0,932,594,180,39.77931782
231.75,0,121.62,173.96,6.72,1056.4,778.45,28,33.72916592
251.81,NA,99.94,146.14,12.35,1006,899.76,14,33.35684888
213.72,98.05,24.51,181.71,6.86,1065.8,785.38,3,17.9953236
